"","site","year","season","chl","chl_season_before","chl_anom","chl_anom_before"
"1","AQUE",2003,"W",0.960013608137766,1.9893072048823,-2.61894039186223,-0.574248795117696
"2","AQUE",2003,"Sp",5.058487256368,0.960013608137766,-3.581284743632,-2.61894039186223
"3","AQUE",2003,"Su",3.37429896990458,5.058487256368,0.730596969904581,-3.581284743632
"4","AQUE",2003,"F",7.28860104084015,3.37429896990458,4.72504504084015,0.730596969904581
"5","AQUE",2004,"W",2.98079903920492,7.28860104084015,-0.598154960795084,4.72504504084015
"6","AQUE",2004,"Sp",10.0545738538106,2.98079903920492,1.41480185381063,-0.598154960795084
"7","AQUE",2004,"Su",2.00644065936406,10.0545738538106,-0.637261340635936,1.41480185381063
"8","AQUE",2004,"F",1.0182891090711,2.00644065936406,-1.5452668909289,-0.637261340635936
"9","AQUE",2005,"W",2.2885213692983,1.0182891090711,-1.2904326307017,-1.5452668909289
"10","AQUE",2005,"Sp",12.295037428538,2.2885213692983,3.655265428538,-1.2904326307017
"11","AQUE",2005,"Su",3.67799973487854,12.295037428538,1.03429773487854,3.655265428538
"12","AQUE",2005,"F",4.91881616910299,3.67799973487854,2.35526016910299,1.03429773487854
"13","AQUE",2006,"W",11.3300878206889,4.91881616910299,7.75113382068888,2.35526016910299
"14","AQUE",2006,"Sp",5.38165068626404,11.3300878206889,-3.25812131373596,7.75113382068888
"15","AQUE",2006,"Su",4.40609419345856,5.38165068626404,1.76239219345856,-3.25812131373596
"16","AQUE",2006,"F",1.60284753640493,4.40609419345856,-0.960708463595073,1.76239219345856
"17","AQUE",2007,"W",1.65672226746877,1.60284753640493,-1.92223173253123,-0.960708463595073
"18","AQUE",2007,"Sp",11.2425710360209,1.65672226746877,2.60279903602091,-1.92223173253123
"19","AQUE",2007,"Su",1.69572961330414,11.2425710360209,-0.947972386695862,2.60279903602091
"20","AQUE",2007,"F",3.7382230758667,1.69572961330414,1.1746670758667,-0.947972386695862
"21","AQUE",2008,"W",2.7244598865509,3.7382230758667,-0.854494113449097,1.1746670758667
"22","AQUE",2008,"Sp",6.05202889442444,2.7244598865509,-2.58774310557556,-0.854494113449097
"23","AQUE",2008,"Su",3.48474564154943,6.05202889442444,0.841043641549428,-2.58774310557556
"24","AQUE",2008,"F",1.23145693540573,3.48474564154943,-1.33209906459427,0.841043641549428
"25","AQUE",2009,"W",4.16300435860952,1.23145693540573,0.584050358609517,-1.33209906459427
"26","AQUE",2009,"Sp",14.3009569644928,4.16300435860952,5.6611849644928,0.584050358609517
"27","AQUE",2009,"Su",2.1030744711558,14.3009569644928,-0.540627528844198,5.6611849644928
"28","AQUE",2009,"F",2.05152461926142,2.1030744711558,-0.512031380738577,-0.540627528844198
"29","AQUE",2010,"W",2.45062081019084,2.05152461926142,-1.12833318980916,-0.512031380738577
"30","AQUE",2010,"Sp",11.3259878158569,2.45062081019084,2.68621581585693,-1.12833318980916
"31","AQUE",2010,"Su",3.2866366704305,11.3259878158569,0.642934670430501,2.68621581585693
"32","AQUE",2010,"F",4.44937777519226,3.2866366704305,1.88582177519226,0.642934670430501
"33","AQUE",2011,"W",13.0314497947693,4.44937777519226,9.45249579476929,1.88582177519226
"34","AQUE",2011,"Sp",13.7039194107056,13.0314497947693,5.06414741070557,9.45249579476929
"35","AQUE",2011,"Su",1.32871029774348,13.7039194107056,-1.31499170225652,5.06414741070557
"36","AQUE",2011,"F",2.04039816061656,1.32871029774348,-0.523157839383444,-1.31499170225652
"37","AQUE",2012,"W",1.81791253884633,2.04039816061656,-1.76104146115367,-0.523157839383444
"38","AQUE",2012,"Sp",7.2120730082194,1.81791253884633,-1.4276989917806,-1.76104146115367
"39","AQUE",2012,"Su",1.91783388455709,7.2120730082194,-0.725868115442912,-1.4276989917806
"40","AQUE",2012,"F",0.816405455271403,1.91783388455709,-1.7471505447286,-0.725868115442912
"41","AQUE",2013,"W",3.04273720582326,0.816405455271403,-0.536216794176737,-1.7471505447286
"42","AQUE",2013,"Sp",4.74272966384888,3.04273720582326,-3.89704233615112,-0.536216794176737
"43","AQUE",2013,"Su",1.84208865960439,4.74272966384888,-0.80161334039561,-3.89704233615112
"44","AQUE",2013,"F",1.74131679534912,1.84208865960439,-0.822239204650879,-0.80161334039561
"45","AQUE",2014,"W",1.02959473927816,1.74131679534912,-2.54935926072184,-0.822239204650879
"46","AQUE",2014,"Sp",3.47844473520915,1.02959473927816,-5.16132726479085,-2.54935926072184
"47","AQUE",2014,"Su",0.62281193335851,3.47844473520915,-2.02089006664149,-5.16132726479085
"48","AQUE",2014,"F",0.544228533903758,0.62281193335851,-2.01932746609624,-2.02089006664149
"49","AQUE",2015,"W",0.481035381555557,0.544228533903758,-3.09791861844444,-2.01932746609624
"50","AQUE",2015,"Sp",4.16260516643524,0.481035381555557,-4.47716683356476,-3.09791861844444
"51","AQUE",2015,"Su",0.822184989849726,4.16260516643524,-1.82151701015027,-4.47716683356476
"52","AQUE",2015,"F",0.418667852878571,0.822184989849726,-2.14488814712143,-1.82151701015027
"53","AQUE",2016,"W",1.32744687795639,0.418667852878571,-2.25150712204361,-2.14488814712143
"54","AQUE",2016,"Sp",9.11760632197062,1.32744687795639,0.47783432197062,-2.25150712204361
"55","AQUE",2016,"Su",2.52495888868968,9.11760632197062,-0.118743111310323,0.47783432197062
"56","AQUE",2016,"F",1.61617831389109,2.52495888868968,-0.947377686108907,-0.118743111310323
"57","AQUE",2017,"W",3.09363408883413,1.61617831389109,-0.485319911165873,-0.947377686108907
"58","AQUE",2017,"Sp",8.84934059778849,3.09363408883413,0.209568597788492,-0.485319911165873
"59","AQUE",2017,"Su",2.20946582158407,8.84934059778849,-0.434236178415934,0.209568597788492
"60","AQUE",2017,"F",2.0118248462677,2.20946582158407,-0.5517311537323,-0.434236178415934
"61","AQUE",2018,"W",1.86560042699178,2.0118248462677,-1.71335357300822,-0.5517311537323
"62","AQUE",2018,"Sp",5.75001374880473,1.86560042699178,-2.88975825119527,-1.71335357300822
"63","AQUE",2018,"Su",1.7700381676356,5.75001374880473,-0.8736638323644,-2.88975825119527
"64","AQUE",2018,"F",1.54813536008199,1.7700381676356,-1.01542063991801,-0.8736638323644
"65","AQUE",2019,"W",1.93142688274384,1.54813536008199,-1.64752711725616,-1.01542063991801
"66","AQUE",2019,"Sp",11.7842254241308,1.93142688274384,3.14445342413076,-1.64752711725616
"67","AQUE",2019,"Su",2.30764174461365,11.7842254241308,-0.336060255386353,3.14445342413076
"68","AQUE",2019,"F",4.19080495834351,2.30764174461365,1.62724895834351,-0.336060255386353
"69","AQUE",2020,"W",2.08636160691579,4.19080495834351,-1.49259239308421,1.62724895834351
"70","AQUE",2020,"Sp",8.97438955307007,2.08636160691579,0.334617553070068,-1.49259239308421
"71","AQUE",2020,"Su",2.79263285795848,8.97438955307007,0.148930857958475,0.334617553070068
"72","AQUE",2020,"F",2.49537821610769,2.79263285795848,-0.0681777838923137,0.148930857958475
"73","AQUE",2021,"W",6.74858792622884,2.49537821610769,3.16963392622884,-0.0681777838923137
"74","AQUE",2021,"Sp",13.9376862843831,6.74858792622884,5.29791428438314,3.16963392622884
"75","AQUE",2021,"Su",1.90743446350098,13.9376862843831,-0.736267536499024,5.29791428438314
"76","CARP",2003,"W",0.958814263343811,1.77454547087351,-2.62013973665619,-0.789010529126485
"77","CARP",2003,"Sp",3.13477158546448,0.958814263343811,-5.50500041453552,-2.62013973665619
"78","CARP",2003,"Su",2.38481036822001,3.13477158546448,-0.258891631779989,-5.50500041453552
"79","CARP",2003,"F",4.06397199630737,2.38481036822001,1.50041599630737,-0.258891631779989
"80","CARP",2004,"W",3.26030663649241,4.06397199630737,-0.318647363507589,1.50041599630737
"81","CARP",2004,"Sp",7.06579621632894,3.26030663649241,-1.57397578367106,-0.318647363507589
"82","CARP",2004,"Su",3.29823776086171,7.06579621632894,0.654535760861715,-1.57397578367106
"83","CARP",2004,"F",1.50611587365468,3.29823776086171,-1.05744012634532,0.654535760861715
"84","CARP",2005,"W",1.99420603116353,1.50611587365468,-1.58474796883647,-1.05744012634532
"85","CARP",2005,"Sp",13.9283466339111,1.99420603116353,5.28857463391113,-1.58474796883647
"86","CARP",2005,"Su",3.37615513801575,13.9283466339111,0.732453138015747,5.28857463391113
"87","CARP",2005,"F",6.39317842324575,3.37615513801575,3.82962242324575,0.732453138015747
"88","CARP",2006,"W",16.4353793462118,6.39317842324575,12.8564253462118,3.82962242324575
"89","CARP",2006,"Sp",12.1411956151327,16.4353793462118,3.50142361513265,12.8564253462118
"90","CARP",2006,"Su",9.6416320403417,12.1411956151327,6.9979300403417,3.50142361513265
"91","CARP",2006,"F",1.91124268372854,9.6416320403417,-0.652313316271464,6.9979300403417
"92","CARP",2007,"W",2.72987039883931,1.91124268372854,-0.849083601160685,-0.652313316271464
"93","CARP",2007,"Sp",10.056480884552,2.72987039883931,1.416708884552,-0.849083601160685
"94","CARP",2007,"Su",2.31273011366526,10.056480884552,-0.330971886334738,1.416708884552
"95","CARP",2007,"F",4.56723439693451,2.31273011366526,2.00367839693451,-0.330971886334738
"96","CARP",2008,"W",4.59631292025248,4.56723439693451,1.01735892025248,2.00367839693451
"97","CARP",2008,"Sp",9.77807553609212,4.59631292025248,1.13830353609212,1.01735892025248
"98","CARP",2008,"Su",2.08219277858734,9.77807553609212,-0.561509221412659,1.13830353609212
"99","CARP",2008,"F",2.22551731268565,2.08219277858734,-0.338038687314352,-0.561509221412659
"100","CARP",2009,"W",5.43587684631348,2.22551731268565,1.85692284631348,-0.338038687314352
"101","CARP",2009,"Sp",7.39290157953898,5.43587684631348,-1.24687042046102,1.85692284631348
"102","CARP",2009,"Su",1.27325588464737,7.39290157953898,-1.37044611535263,-1.24687042046102
"103","CARP",2009,"F",1.36926221847534,1.27325588464737,-1.19429378152466,-1.37044611535263
"104","CARP",2010,"W",1.90804811318715,1.36926221847534,-1.67090588681285,-1.19429378152466
"105","CARP",2010,"Sp",15.5790425936381,1.90804811318715,6.9392705936381,-1.67090588681285
"106","CARP",2010,"Su",1.88021421432495,15.5790425936381,-0.763487785675049,6.9392705936381
"107","CARP",2010,"F",6.62732211748759,1.88021421432495,4.06376611748759,-0.763487785675049
"108","CARP",2011,"W",6.2398153146108,6.62732211748759,2.6608613146108,4.06376611748759
"109","CARP",2011,"Sp",11.2799349625905,6.2398153146108,2.64016296259054,2.6608613146108
"110","CARP",2011,"Su",1.13778932889303,11.2799349625905,-1.50591267110697,2.64016296259054
"111","CARP",2011,"F",1.38101712862651,1.13778932889303,-1.18253887137349,-1.50591267110697
"112","CARP",2012,"W",2.42690090338389,1.38101712862651,-1.15205309661611,-1.18253887137349
"113","CARP",2012,"Sp",4.88933614889781,2.42690090338389,-3.75043585110219,-1.15205309661611
"114","CARP",2012,"Su",2.73337749640147,4.88933614889781,0.0896754964014685,-3.75043585110219
"115","CARP",2012,"F",0.717122197151184,2.73337749640147,-1.84643380284882,0.0896754964014685
"116","CARP",2013,"W",3.30399243036906,0.717122197151184,-0.274961569630941,-1.84643380284882
"117","CARP",2013,"Sp",9.47684160868328,3.30399243036906,0.837069608683283,-0.274961569630941
"118","CARP",2013,"Su",1.92828500270844,9.47684160868328,-0.715416997291565,0.837069608683283
"119","CARP",2013,"F",0.983105639616648,1.92828500270844,-1.58045036038335,-0.715416997291565
"120","CARP",2014,"W",1.31251303354899,0.983105639616648,-2.26644096645101,-1.58045036038335
"121","CARP",2014,"Sp",4.27707501252492,1.31251303354899,-4.36269698747508,-2.26644096645101
"122","CARP",2014,"Su",0.654605726401011,4.27707501252492,-1.98909627359899,-4.36269698747508
"123","CARP",2014,"F",0.498196015755336,0.654605726401011,-2.06535998424466,-1.98909627359899
"124","CARP",2015,"W",0.585683067639669,0.498196015755336,-2.99327093236033,-2.06535998424466
"125","CARP",2015,"Sp",2.52508425712585,0.585683067639669,-6.11468774287415,-2.99327093236033
"126","CARP",2015,"Su",0.7371426820755,2.52508425712585,-1.9065593179245,-6.11468774287415
"127","CARP",2015,"F",0.502988000710805,0.7371426820755,-2.06056799928919,-1.9065593179245
"128","CARP",2016,"W",1.37303121884664,0.502988000710805,-2.20592278115336,-2.06056799928919
"129","CARP",2016,"Sp",9.54669324556986,1.37303121884664,0.906921245569864,-2.20592278115336
"130","CARP",2016,"Su",2.44840363661448,9.54669324556986,-0.195298363385519,0.906921245569864
"131","CARP",2016,"F",1.28370040655136,2.44840363661448,-1.27985559344864,-0.195298363385519
"132","CARP",2017,"W",2.58572332064311,1.28370040655136,-0.993230679356893,-1.27985559344864
"133","CARP",2017,"Sp",8.4924156665802,2.58572332064311,-0.1473563334198,-0.993230679356893
"134","CARP",2017,"Su",2.06682676076889,8.4924156665802,-0.57687523923111,-0.1473563334198
"135","CARP",2017,"F",2.87049448490143,2.06682676076889,0.306938484901428,-0.57687523923111
"136","CARP",2018,"W",2.07880995670954,2.87049448490143,-1.50014404329046,0.306938484901428
"137","CARP",2018,"Sp",9.08694434165955,2.07880995670954,0.447172341659545,-1.50014404329046
"138","CARP",2018,"Su",2.0103512207667,9.08694434165955,-0.633350779233297,0.447172341659545
"139","CARP",2018,"F",1.51683644453684,2.0103512207667,-1.04671955546316,-0.633350779233297
"140","CARP",2019,"W",1.68180692195892,1.51683644453684,-1.89714707804108,-1.04671955546316
"141","CARP",2019,"Sp",15.2579666773478,1.68180692195892,6.61819467734782,-1.89714707804108
"142","CARP",2019,"Su",2.21715350945791,15.2579666773478,-0.426548490542094,6.61819467734782
"143","CARP",2019,"F",3.68358604113261,2.21715350945791,1.12003004113261,-0.426548490542094
"144","CARP",2020,"W",1.90993857383728,3.68358604113261,-1.66901542616272,1.12003004113261
"145","CARP",2020,"Sp",6.35299928983053,1.90993857383728,-2.28677271016948,-1.66901542616272
"146","CARP",2020,"Su",2.26088730494181,6.35299928983053,-0.382814695058187,-2.28677271016948
"147","CARP",2020,"F",3.78520278135935,2.26088730494181,1.22164678135935,-0.382814695058187
"148","CARP",2021,"W",6.81415049235026,3.78520278135935,3.23519649235026,1.22164678135935
"149","CARP",2021,"Sp",13.6998043060303,6.81415049235026,5.06003230603027,3.23519649235026
"150","CARP",2021,"Su",1.71877988179525,13.6998043060303,-0.924922118204753,5.06003230603027
"151","IVEE",2003,"W",0.768781890471776,1.2980755964915,-2.81017210952822,-1.2654804035085
"152","IVEE",2003,"Sp",4.68919557332993,0.768781890471776,-3.95057642667008,-2.81017210952822
"153","IVEE",2003,"Su",2.67714770634969,4.68919557332993,0.0334457063496907,-3.95057642667008
"154","IVEE",2003,"F",5.51462872823079,2.67714770634969,2.95107272823079,0.0334457063496907
"155","IVEE",2004,"W",2.40465811888377,5.51462872823079,-1.17429588111623,2.95107272823079
"156","IVEE",2004,"Sp",9.09796746571859,2.40465811888377,0.458195465718587,-1.17429588111623
"157","IVEE",2004,"Su",2.44679222504298,9.09796746571859,-0.196909774957021,0.458195465718587
"158","IVEE",2004,"F",1.33199981848399,2.44679222504298,-1.23155618151601,-0.196909774957021
"159","IVEE",2005,"W",2.37477123737335,1.33199981848399,-1.20418276262665,-1.23155618151601
"160","IVEE",2005,"Sp",7.28980453809102,2.37477123737335,-1.34996746190898,-1.20418276262665
"161","IVEE",2005,"Su",2.62272568543752,7.28980453809102,-0.0209763145624797,-1.34996746190898
"162","IVEE",2005,"F",3.3024963537852,2.62272568543752,0.738940353785197,-0.0209763145624797
"163","IVEE",2006,"W",10.2191511789958,3.3024963537852,6.64019717899577,0.738940353785197
"164","IVEE",2006,"Sp",8.56534433364868,10.2191511789958,-0.074427666351319,6.64019717899577
"165","IVEE",2006,"Su",3.65936024983724,8.56534433364868,1.01565824983724,-0.074427666351319
"166","IVEE",2006,"F",1.39679753780365,3.65936024983724,-1.16675846219635,1.01565824983724
"167","IVEE",2007,"W",1.89276337623596,1.39679753780365,-1.68619062376404,-1.16675846219635
"168","IVEE",2007,"Sp",5.0622767607371,1.89276337623596,-3.5774952392629,-1.68619062376404
"169","IVEE",2007,"Su",1.3525298833847,5.0622767607371,-1.2911721166153,-3.5774952392629
"170","IVEE",2007,"F",5.77049231529236,1.3525298833847,3.20693631529236,-1.2911721166153
"171","IVEE",2008,"W",3.94203702608744,5.77049231529236,0.363083026087443,3.20693631529236
"172","IVEE",2008,"Sp",15.5913108189901,3.94203702608744,6.95153881899007,0.363083026087443
"173","IVEE",2008,"Su",1.32665648063024,15.5913108189901,-1.31704551936976,6.95153881899007
"174","IVEE",2008,"F",1.78564850489299,1.32665648063024,-0.777907495107015,-1.31704551936976
"175","IVEE",2009,"W",3.64157744248708,1.78564850489299,0.0626234424870811,-0.777907495107015
"176","IVEE",2009,"Sp",9.56483443578084,3.64157744248708,0.925062435780843,0.0626234424870811
"177","IVEE",2009,"Su",5.52331034342448,9.56483443578084,2.87960834342448,0.925062435780843
"178","IVEE",2009,"F",1.20880317687988,5.52331034342448,-1.35475282312012,2.87960834342448
"179","IVEE",2010,"W",1.48284860452016,1.20880317687988,-2.09610539547984,-1.35475282312012
"180","IVEE",2010,"Sp",11.417290687561,1.48284860452016,2.77751868756103,-2.09610539547984
"181","IVEE",2010,"Su",2.17384632428487,11.417290687561,-0.469855675715129,2.77751868756103
"182","IVEE",2010,"F",5.78730654716492,2.17384632428487,3.22375054716492,-0.469855675715129
"183","IVEE",2011,"W",7.47528219223022,5.78730654716492,3.89632819223022,3.22375054716492
"184","IVEE",2011,"Sp",14.5492394765218,7.47528219223022,5.90946747652181,3.89632819223022
"185","IVEE",2011,"Su",1.40994127591451,14.5492394765218,-1.23376072408549,5.90946747652181
"186","IVEE",2011,"F",1.50334093968074,1.40994127591451,-1.06021506031926,-1.23376072408549
"187","IVEE",2012,"W",1.99967837333679,1.50334093968074,-1.57927562666321,-1.06021506031926
"188","IVEE",2012,"Sp",6.40421233574549,1.99967837333679,-2.23555966425451,-1.57927562666321
"189","IVEE",2012,"Su",1.015178779761,6.40421233574549,-1.628523220239,-2.23555966425451
"190","IVEE",2012,"F",0.751498460769653,1.015178779761,-1.81205753923035,-1.628523220239
"191","IVEE",2013,"W",3.29581995805105,0.751498460769653,-0.283134041948954,-1.81205753923035
"192","IVEE",2013,"Sp",6.6787880261739,3.29581995805105,-1.9609839738261,-0.283134041948954
"193","IVEE",2013,"Su",1.99885805447896,6.6787880261739,-0.644843945521037,-1.9609839738261
"194","IVEE",2013,"F",0.907714863618215,1.99885805447896,-1.65584113638179,-0.644843945521037
"195","IVEE",2014,"W",1.08110853036245,0.907714863618215,-2.49784546963755,-1.65584113638179
"196","IVEE",2014,"Sp",5.1855198542277,1.08110853036245,-3.4542521457723,-2.49784546963755
"197","IVEE",2014,"Su",0.564774811267853,5.1855198542277,-2.07892718873215,-3.4542521457723
"198","IVEE",2014,"F",0.563052127758662,0.564774811267853,-2.00050387224134,-2.07892718873215
"199","IVEE",2015,"W",0.594457377990087,0.563052127758662,-2.98449662200991,-2.00050387224134
"200","IVEE",2015,"Sp",3.84988182783127,0.594457377990087,-4.78989017216873,-2.98449662200991
"201","IVEE",2015,"Su",0.727549433708191,3.84988182783127,-1.91615256629181,-4.78989017216873
"202","IVEE",2015,"F",0.382154539227486,0.727549433708191,-2.18140146077251,-1.91615256629181
"203","IVEE",2016,"W",1.56997680664062,0.382154539227486,-2.00897719335937,-2.18140146077251
"204","IVEE",2016,"Sp",3.95602250099182,1.56997680664062,-4.68374949900818,-2.00897719335937
"205","IVEE",2016,"Su",1.72358818848928,3.95602250099182,-0.920113811510722,-4.68374949900818
"206","IVEE",2016,"F",1.26037540038427,1.72358818848928,-1.30318059961573,-0.920113811510722
"207","IVEE",2017,"W",2.79766647020976,1.26037540038427,-0.781287529790243,-1.30318059961573
"208","IVEE",2017,"Sp",7.68098815282186,2.79766647020976,-0.958783847178142,-0.781287529790243
"209","IVEE",2017,"Su",1.67895758152008,7.68098815282186,-0.96474441847992,-0.958783847178142
"210","IVEE",2017,"F",1.53528014818827,1.67895758152008,-1.02827585181173,-0.96474441847992
"211","IVEE",2018,"W",2.31197293599447,1.53528014818827,-1.26698106400553,-1.02827585181173
"212","IVEE",2018,"Sp",8.49693417549133,2.31197293599447,-0.142837824508668,-1.26698106400553
"213","IVEE",2018,"Su",1.20370914538701,8.49693417549133,-1.43999285461299,-0.142837824508668
"214","IVEE",2018,"F",2.64814164241155,1.20370914538701,0.0845856424115499,-1.43999285461299
"215","IVEE",2019,"W",1.40798183282216,2.64814164241155,-2.17097216717784,0.0845856424115499
"216","IVEE",2019,"Sp",5.82327930132548,1.40798183282216,-2.81649269867452,-2.17097216717784
"217","IVEE",2019,"Su",2.89703810214996,5.82327930132548,0.253336102149963,-2.81649269867452
"218","IVEE",2019,"F",2.61809623241425,2.89703810214996,0.0545402324142454,0.253336102149963
"219","IVEE",2020,"W",1.36417710781097,2.61809623241425,-2.21477689218903,0.0545402324142454
"220","IVEE",2020,"Sp",4.4712988336881,1.36417710781097,-4.1684731663119,-2.21477689218903
"221","IVEE",2020,"Su",2.47181391716003,4.4712988336881,-0.171888082839966,-4.1684731663119
"222","IVEE",2020,"F",2.73615916570028,2.47181391716003,0.172603165700277,-0.171888082839966
"223","IVEE",2021,"W",6.90646664301554,2.73615916570028,3.32751264301554,0.172603165700277
"224","IVEE",2021,"Sp",12.7676038742065,6.90646664301554,4.12783187420654,3.32751264301554
"225","IVEE",2021,"Su",2.78161331017812,12.7676038742065,0.137911310178121,4.12783187420654
"226","MOHK",2003,"W",1.55887567996979,3.35491585731506,-2.02007832003021,0.791359857315063
"227","MOHK",2003,"Sp",2.3386664390564,1.55887567996979,-6.3011055609436,-2.02007832003021
"228","MOHK",2003,"Su",4.46196463704109,2.3386664390564,1.81826263704109,-6.3011055609436
"229","MOHK",2003,"F",5.5054946343104,4.46196463704109,2.9419386343104,1.81826263704109
"230","MOHK",2004,"W",2.52752470970154,5.5054946343104,-1.05142929029846,2.9419386343104
"231","MOHK",2004,"Sp",4.24971342086792,2.52752470970154,-4.39005857913208,-1.05142929029846
"232","MOHK",2004,"Su",12.8151981035868,4.24971342086792,10.1714961035868,-4.39005857913208
"233","MOHK",2004,"F",1.31453888614972,12.8151981035868,-1.24901711385028,10.1714961035868
"234","MOHK",2005,"W",7.6983003616333,1.31453888614972,4.1193463616333,-1.24901711385028
"235","MOHK",2005,"Sp",6.00180530548096,7.6983003616333,-2.63796669451904,4.1193463616333
"236","MOHK",2005,"Su",5.73775386810303,6.00180530548096,3.09405186810303,-2.63796669451904
"237","MOHK",2005,"F",13.9208788871765,5.73775386810303,11.3573228871765,3.09405186810303
"238","MOHK",2006,"W",21.5518970489502,13.9208788871765,17.9729430489502,11.3573228871765
"239","MOHK",2006,"Sp",24.7160776058833,21.5518970489502,16.0763056058833,17.9729430489502
"240","MOHK",2006,"Su",2.05496072769165,24.7160776058833,-0.58874127230835,16.0763056058833
"241","MOHK",2006,"F",1.67537502447764,2.05496072769165,-0.888180975522359,-0.58874127230835
"242","MOHK",2007,"W",2.18720297018687,1.67537502447764,-1.39175102981313,-0.888180975522359
"243","MOHK",2007,"Sp",20.7652606964111,2.18720297018687,12.1254886964111,-1.39175102981313
"244","MOHK",2007,"Su",5.44676238298416,20.7652606964111,2.80306038298416,12.1254886964111
"245","MOHK",2007,"F",1.62790030241013,5.44676238298416,-0.935655697589874,2.80306038298416
"246","MOHK",2008,"W",3.1496578057607,1.62790030241013,-0.429296194239298,-0.935655697589874
"247","MOHK",2008,"Sp",7.75757026672363,3.1496578057607,-0.882201733276368,-0.429296194239298
"248","MOHK",2008,"Su",3.47359305620193,7.75757026672363,0.829891056201935,-0.882201733276368
"249","MOHK",2008,"F",1.97971908251445,3.47359305620193,-0.583836917485555,0.829891056201935
"250","MOHK",2009,"W",3.84184175729752,1.97971908251445,0.262887757297516,-0.583836917485555
"251","MOHK",2009,"Sp",15.9516539573669,3.84184175729752,7.31188195736694,0.262887757297516
"252","MOHK",2009,"Su",1.83409082889557,15.9516539573669,-0.809611171104431,7.31188195736694
"253","MOHK",2009,"F",1.18510228395462,1.83409082889557,-1.37845371604538,-0.809611171104431
"254","MOHK",2010,"W",4.97972742716471,1.18510228395462,1.40077342716471,-1.37845371604538
"255","MOHK",2010,"Sp",32.4893608093262,4.97972742716471,23.8495888093262,1.40077342716471
"256","MOHK",2010,"Su",14.9962120453517,32.4893608093262,12.3525100453517,23.8495888093262
"257","MOHK",2010,"F",11.2919510205587,14.9962120453517,8.72839502055868,12.3525100453517
"258","MOHK",2011,"W",8.80789852142334,11.2919510205587,5.22894452142334,8.72839502055868
"259","MOHK",2011,"Sp",1.16035276651382,8.80789852142334,-7.47941923348618,5.22894452142334
"260","MOHK",2011,"Su",1.67627008756002,1.16035276651382,-0.967431912439982,-7.47941923348618
"261","MOHK",2011,"F",1.08407258987427,1.67627008756002,-1.47948341012573,-0.967431912439982
"262","MOHK",2012,"W",1.8681663274765,1.08407258987427,-1.7107876725235,-1.47948341012573
"263","MOHK",2012,"Sp",1.69449609518051,1.8681663274765,-6.94527590481949,-1.7107876725235
"264","MOHK",2012,"Su",2.69692134857178,1.69449609518051,0.0532193485717771,-6.94527590481949
"265","MOHK",2012,"F",1.0186088681221,2.69692134857178,-1.5449471318779,0.0532193485717771
"266","MOHK",2013,"W",1.41302609443665,1.0186088681221,-2.16592790556335,-1.5449471318779
"267","MOHK",2013,"F",1.33510826031367,1.69010138511658,-1.22844773968633,-0.953600614883423
"268","MOHK",2014,"W",1.72539246082306,1.33510826031367,-1.85356153917694,-1.22844773968633
"269","MOHK",2014,"Sp",2.48774083455404,1.72539246082306,-6.15203116544596,-1.85356153917694
"270","MOHK",2014,"Su",0.419104605913162,2.48774083455404,-2.22459739408684,-6.15203116544596
"271","MOHK",2014,"F",0.719161738952001,0.419104605913162,-1.844394261048,-2.22459739408684
"272","MOHK",2015,"W",0.543705523014069,0.719161738952001,-3.03524847698593,-1.844394261048
"273","MOHK",2015,"Sp",0.812898710370064,0.543705523014069,-7.82687328962994,-3.03524847698593
"274","MOHK",2015,"Su",0.919733166694641,0.812898710370064,-1.72396883330536,-7.82687328962994
"275","MOHK",2015,"F",0.61146879196167,0.919733166694641,-1.95208720803833,-1.72396883330536
"276","MOHK",2016,"W",3.13798832893372,0.61146879196167,-0.440965671066284,-1.95208720803833
"277","MOHK",2016,"Sp",6.03943741321564,3.13798832893372,-2.60033458678436,-0.440965671066284
"278","MOHK",2017,"W",0.961020648479462,2.24440463383993,-2.61793335152054,-0.319151366160075
"279","MOHK",2017,"Sp",6.27881026268005,0.961020648479462,-2.36096173731995,-2.61793335152054
"280","MOHK",2017,"Su",1.31793034076691,6.27881026268005,-1.32577165923309,-2.36096173731995
"281","MOHK",2017,"F",1.79059326648712,1.31793034076691,-0.772962733512879,-1.32577165923309
"282","MOHK",2018,"W",2.81062948703766,1.79059326648712,-0.768324512962341,-0.772962733512879
"283","MOHK",2018,"Sp",1.60440266132355,2.81062948703766,-7.03536933867645,-0.768324512962341
"284","MOHK",2018,"Su",3.39056396484375,1.60440266132355,0.74686196484375,-7.03536933867645
"285","MOHK",2018,"F",2.81809383630753,3.39056396484375,0.254537836307525,0.74686196484375
"286","MOHK",2019,"W",2.35082280635834,2.81809383630753,-1.22813119364166,0.254537836307525
"287","MOHK",2019,"Sp",4.58328306674957,2.35082280635834,-4.05648893325043,-1.22813119364166
"288","MOHK",2019,"Su",3.6292639374733,4.58328306674957,0.985561937473297,-4.05648893325043
"289","MOHK",2019,"F",3.754523396492,3.6292639374733,1.190967396492,0.985561937473297
"290","MOHK",2020,"W",6.75712577501933,3.754523396492,3.17817177501933,1.190967396492
"291","MOHK",2020,"Sp",4.83412911494573,6.75712577501933,-3.80564288505427,3.17817177501933
"292","MOHK",2020,"Su",3.450439453125,4.83412911494573,0.806737453125,-3.80564288505427
"293","MOHK",2020,"F",5.18412001927694,3.450439453125,2.62056401927694,0.806737453125
"294","MOHK",2021,"W",8.55368494987488,5.18412001927694,4.97473094987488,2.62056401927694
"295","MOHK",2021,"Sp",12.5422496795654,8.55368494987488,3.90247767956543,4.97473094987488
"296","MOHK",2021,"Su",1.77679115533829,12.5422496795654,-0.866910844661713,3.90247767956543
"297","NAPL",2003,"W",0.747424920399984,1.2537487745285,-2.83152907960002,-1.3098072254715
"298","NAPL",2003,"Sp",4.04475053151449,0.747424920399984,-4.59502146848552,-2.83152907960002
"299","NAPL",2003,"Su",3.20680197079976,4.04475053151449,0.563099970799764,-4.59502146848552
"300","NAPL",2003,"F",6.93691611289978,3.20680197079976,4.37336011289978,0.563099970799764
"301","NAPL",2004,"W",2.34746921062469,6.93691611289978,-1.23148478937531,4.37336011289978
"302","NAPL",2004,"Sp",8.88659318288167,2.34746921062469,0.246821182881673,-1.23148478937531
"303","NAPL",2004,"Su",2.53707307577133,8.88659318288167,-0.106628924228668,0.246821182881673
"304","NAPL",2004,"F",0.986516098181407,2.53707307577133,-1.57703990181859,-0.106628924228668
"305","NAPL",2005,"W",1.77173684040705,0.986516098181407,-1.80721715959295,-1.57703990181859
"306","NAPL",2005,"Sp",8.33937843640645,1.77173684040705,-0.300393563593547,-1.80721715959295
"307","NAPL",2005,"Su",5.1096582810084,8.33937843640645,2.4659562810084,-0.300393563593547
"308","NAPL",2005,"F",4.9061545530955,5.1096582810084,2.3425985530955,2.4659562810084
"309","NAPL",2006,"W",8.51873954137166,4.9061545530955,4.93978554137166,2.3425985530955
"310","NAPL",2006,"Sp",10.9726498921712,8.51873954137166,2.33287789217122,4.93978554137166
"311","NAPL",2006,"Su",4.65522030989329,10.9726498921712,2.01151830989329,2.33287789217122
"312","NAPL",2006,"F",1.97662993272146,4.65522030989329,-0.586926067278544,2.01151830989329
"313","NAPL",2007,"W",1.86911602814992,1.97662993272146,-1.70983797185008,-0.586926067278544
"314","NAPL",2007,"Sp",15.9300651550293,1.86911602814992,7.2902931550293,-1.70983797185008
"315","NAPL",2007,"Su",1.42167367537816,15.9300651550293,-1.22202832462184,7.2902931550293
"316","NAPL",2007,"F",4.43082320690155,1.42167367537816,1.86726720690155,-1.22202832462184
"317","NAPL",2008,"W",4.27704548835754,4.43082320690155,0.698091488357544,1.86726720690155
"318","NAPL",2008,"Sp",18.3737955093384,4.27704548835754,9.73402350933838,0.698091488357544
"319","NAPL",2008,"Su",3.38840427001317,18.3737955093384,0.744702270013173,9.73402350933838
"320","NAPL",2008,"F",1.62173799673716,3.38840427001317,-0.941818003262838,0.744702270013173
"321","NAPL",2009,"W",3.22515392303467,1.62173799673716,-0.353800076965332,-0.941818003262838
"322","NAPL",2009,"Sp",9.75449434916178,3.22515392303467,1.11472234916178,-0.353800076965332
"323","NAPL",2009,"Su",1.47030260165532,9.75449434916178,-1.17339939834468,1.11472234916178
"324","NAPL",2009,"F",1.40198200941086,1.47030260165532,-1.16157399058914,-1.17339939834468
"325","NAPL",2010,"W",1.26661360263824,1.40198200941086,-2.31234039736176,-1.16157399058914
"326","NAPL",2010,"Sp",9.98203086853027,1.26661360263824,1.34225886853027,-2.31234039736176
"327","NAPL",2010,"Su",5.34090224901835,9.98203086853027,2.69720024901835,1.34225886853027
"328","NAPL",2010,"F",5.46971337000529,5.34090224901835,2.90615737000529,2.69720024901835
"329","NAPL",2011,"W",13.8914472262065,5.46971337000529,10.3124932262065,2.90615737000529
"330","NAPL",2011,"Sp",13.4528138637543,13.8914472262065,4.81304186375427,10.3124932262065
"331","NAPL",2011,"Su",1.27511119842529,13.4528138637543,-1.36859080157471,4.81304186375427
"332","NAPL",2011,"F",1.83151962359746,1.27511119842529,-0.732036376402537,-1.36859080157471
"333","NAPL",2012,"W",2.70919823646545,1.83151962359746,-0.869755763534546,-0.732036376402537
"334","NAPL",2012,"Sp",5.42474577824275,2.70919823646545,-3.21502622175725,-0.869755763534546
"335","NAPL",2012,"Su",2.03602216641108,5.42474577824275,-0.607679833588918,-3.21502622175725
"336","NAPL",2012,"F",0.709849546353022,2.03602216641108,-1.85370645364698,-0.607679833588918
"337","NAPL",2013,"W",2.38095800081889,0.709849546353022,-1.19799599918111,-1.85370645364698
"338","NAPL",2013,"Sp",6.79903276761374,2.38095800081889,-1.84073923238626,-1.19799599918111
"339","NAPL",2013,"Su",1.63488292694092,6.79903276761374,-1.00881907305908,-1.84073923238626
"340","NAPL",2013,"F",0.910246789455414,1.63488292694092,-1.65330921054459,-1.00881907305908
"341","NAPL",2014,"W",0.847852428754171,0.910246789455414,-2.73110157124583,-1.65330921054459
"342","NAPL",2014,"Sp",7.95630649725596,0.847852428754171,-0.683465502744039,-2.73110157124583
"343","NAPL",2014,"Su",0.609685182571411,7.95630649725596,-2.03401681742859,-0.683465502744039
"344","NAPL",2014,"F",0.538059035936991,0.609685182571411,-2.02549696406301,-2.03401681742859
"345","NAPL",2015,"W",0.468765924374263,0.538059035936991,-3.11018807562574,-2.02549696406301
"346","NAPL",2015,"Sp",3.39062335093816,0.468765924374263,-5.24914864906184,-3.11018807562574
"347","NAPL",2015,"Su",0.733195722103119,3.39062335093816,-1.91050627789688,-5.24914864906184
"348","NAPL",2015,"F",0.409261763095856,0.733195722103119,-2.15429423690414,-1.91050627789688
"349","NAPL",2016,"W",1.29523376623789,0.409261763095856,-2.28372023376211,-2.15429423690414
"350","NAPL",2016,"Sp",5.82335082689921,1.29523376623789,-2.81642117310079,-2.28372023376211
"351","NAPL",2016,"Su",2.13330407937368,5.82335082689921,-0.510397920626322,-2.81642117310079
"352","NAPL",2016,"F",1.27149115006129,2.13330407937368,-1.29206484993871,-0.510397920626322
"353","NAPL",2017,"W",2.57048336664836,1.27149115006129,-1.00847063335164,-1.29206484993871
"354","NAPL",2017,"Sp",6.78648145993551,2.57048336664836,-1.85329054006449,-1.00847063335164
"355","NAPL",2017,"Su",2.01133275032043,6.78648145993551,-0.632369249679566,-1.85329054006449
"356","NAPL",2017,"F",1.76187984148661,2.01133275032043,-0.801676158513387,-0.632369249679566
"357","NAPL",2018,"W",3.99967074394226,1.76187984148661,0.420716743942261,-0.801676158513387
"358","NAPL",2018,"Sp",6.64349373181661,3.99967074394226,-1.99627826818339,0.420716743942261
"359","NAPL",2018,"Su",1.13838436206182,6.64349373181661,-1.50531763793818,-1.99627826818339
"360","NAPL",2018,"F",1.09249244133631,1.13838436206182,-1.47106355866369,-1.50531763793818
"361","NAPL",2019,"W",2.61731040477753,1.09249244133631,-0.961643595222473,-1.47106355866369
"362","NAPL",2019,"Sp",7.25959102312724,2.61731040477753,-1.38018097687276,-0.961643595222473
"363","NAPL",2019,"Su",1.9158630768458,7.25959102312724,-0.727838923154195,-1.38018097687276
"364","NAPL",2019,"F",2.18080953756968,1.9158630768458,-0.382746462430319,-0.727838923154195
"365","NAPL",2020,"W",1.45865670839945,2.18080953756968,-2.12029729160055,-0.382746462430319
"366","NAPL",2020,"Sp",4.25668942928314,1.45865670839945,-4.38308257071686,-2.12029729160055
"367","NAPL",2020,"Su",2.60314337412516,4.25668942928314,-0.0405586258748376,-4.38308257071686
"368","NAPL",2020,"F",2.29116912682851,2.60314337412516,-0.272386873171488,-0.0405586258748376
"369","NAPL",2021,"W",7.14088439941406,2.29116912682851,3.56193039941406,-0.272386873171488
"370","NAPL",2021,"Sp",9.22597122192383,7.14088439941406,0.586199221923827,3.56193039941406
"371","NAPL",2021,"Su",2.04674144585927,9.22597122192383,-0.596960554140727,0.586199221923827
